grammar_id,例句,空格題目,正解,中文翻譯
G001,彼の話を聞いて、笑わずにはいられなかった。,彼の話を聞いて、笑わ____。,ずにはいられなかった,聽了他的話，忍不住笑了。
G001,あの写真を見ると、故郷を思い出さずにはいられない。,あの写真を見ると、故郷を思い出さ____。,ずにはいられない,看到那張照片，就忍不住想起故鄉。
G001,不公平な判定に、抗議せずにはいられなかった。,不公平な判定に、抗議せ____。,ずにはいられなかった,面對不公平的判定，忍不住提出抗議。
G001,彼女の努力を知って、応援せずにはいられない。,彼女の努力を知って、応援せ____。,ずにはいられない,知道她的努力後，就忍不住想支持她。
G001,その悲しい知らせに、涙を流さずにはいられなかった。,その悲しい知らせに、涙を流さ____。,ずにはいられなかった,聽到那個悲傷的消息，忍不住流下眼淚。
G002,彼の演説は、聞く人の心を動かさずにはおかない。,彼の演説は、聞く人の心を動かさ____。,ずにはおかない,他的演說必定會打動聽眾的心。
G002,この映画は、観客に家族の大切さを考えさせずにはおかない。,この映画は、観客に家族の大切さを考えさせ____。,ずにはおかない,這部電影一定會讓觀眾思考家人的重要。
G002,その事件は、社会全体に議論を起こさずにはおかなかった。,その事件は、社会全体に議論を起こさ____。,ずにはおかなかった,那起事件必然在整個社會引發討論。
G002,彼女の真剣な姿勢は、周囲を協力させずにはおかない。,彼女の真剣な姿勢は、周囲を協力させ____。,ずにはおかない,她認真的態度一定會讓周圍的人願意協助。
G002,この発見は、研究の方向を変えずにはおかないだろう。,この発見は、研究の方向を変え____だろう。,ずにはおかない,這項發現想必會改變研究方向。
G003,資料が足りないため、調査をやり直さざるを得ない。,資料が足りないため、調査をやり直さ____。,ざるを得ない,因為資料不足，不得不重新調查。
G003,台風で電車が止まり、会議を延期せざるを得なかった。,台風で電車が止まり、会議を延期せ____。,ざるを得なかった,因颱風電車停駛，不得不延後會議。
G003,予算が削られた以上、計画を縮小せざるを得ない。,予算が削られた以上、計画を縮小せ____。,ざるを得ない,既然預算被刪減，就不得不縮小計畫。
G003,本人が拒否しているなら、こちらも諦めざるを得ない。,本人が拒否しているなら、こちらも諦め____。,ざるを得ない,如果本人拒絕，我們也只能放棄。
G003,証拠が出た以上、彼の説明を疑わざるを得ない。,証拠が出た以上、彼の説明を疑わ____。,ざるを得ない,既然出現證據，就不得不懷疑他的說明。
G004,雨が激しく降っているにもかかわらず、試合は予定通り行われた。,雨が激しく降っている____、試合は予定通り行われた。,にもかかわらず,儘管雨下得很大，比賽仍照原定計畫舉行。
G004,彼は十分な経験があるにもかかわらず、基本的なミスをした。,彼は十分な経験がある____、基本的なミスをした。,にもかかわらず,他明明有充分經驗，卻犯了基本錯誤。
G004,反対意見が多かったにもかかわらず、その案は採用された。,反対意見が多かった____、その案は採用された。,にもかかわらず,儘管反對意見很多，那個方案還是被採用了。
G004,体調が悪いにもかかわらず、彼女は最後まで発表を続けた。,体調が悪い____、彼女は最後まで発表を続けた。,にもかかわらず,儘管身體不舒服，她仍發表到最後。
G004,危険だと言われていたにもかかわらず、彼は一人で山に入った。,危険だと言われていた____、彼は一人で山に入った。,にもかかわらず,儘管被說很危險，他仍獨自進山。
G005,引き受けたからには、最後まで責任を持ってやり遂げたい。,引き受けた____、最後まで責任を持ってやり遂げたい。,からには,既然接下了，就想負責做到最後。
G005,試験を受けるからには、合格を目指して全力を尽くす。,試験を受ける____、合格を目指して全力を尽くす。,からには,既然要參加考試，就要以合格為目標全力以赴。
G005,リーダーであるからには、困った時こそ冷静でいなければならない。,リーダーである____、困った時こそ冷静でいなければならない。,からには,既然是領導者，越是困難時越必須冷靜。
G005,約束したからには、どんなに忙しくても守るべきだ。,約束した____、どんなに忙しくても守るべきだ。,からには,既然約好了，不管多忙都應該遵守。
G005,海外で働くからには、その国の文化を理解しようと努めたい。,海外で働く____、その国の文化を理解しようと努めたい。,からには,既然要在國外工作，就想努力理解那個國家的文化。
G006,契約を結んだ以上は、条件を守らなければならない。,契約を結んだ____、条件を守らなければならない。,以上は,既然簽了合約，就必須遵守條件。
G006,代表に選ばれた以上は、チーム全体のことを考えて行動したい。,代表に選ばれた____、チーム全体のことを考えて行動したい。,以上は,既然被選為代表，就想考慮整個團隊來行動。
G006,この方針を決めた以上は、途中で簡単に変えるわけにはいかない。,この方針を決めた____、途中で簡単に変えるわけにはいかない。,以上は,既然決定了這個方針，就不能中途輕易改變。
G006,事実を知った以上は、黙って見過ごすことはできない。,事実を知った____、黙って見過ごすことはできない。,以上は,既然知道了事實，就不能沉默地坐視不管。
G006,社会人である以上は、自分の発言に責任を持つべきだ。,社会人である____、自分の発言に責任を持つべきだ。,以上は,既然是社會人士，就應該對自己的發言負責。
G007,彼は経験豊富なだけあって、問題への対応が実に早い。,彼は経験豊富な____、問題への対応が実に早い。,だけあって,不愧是經驗豐富，他處理問題真的很快。
G007,専門家だけあって、彼女の説明はとても分かりやすかった。,専門家____、彼女の説明はとても分かりやすかった。,だけあって,不愧是專家，她的說明非常容易懂。
G007,人気店だけあって、平日の昼でも長い行列ができている。,人気店____、平日の昼でも長い行列ができている。,だけあって,不愧是人氣店，平日中午也排著長隊。
G007,長年使われているだけあって、この道具は細部まで工夫されている。,長年使われている____、この道具は細部まで工夫されている。,だけあって,不愧是長年使用的工具，連細節都很用心。
G007,彼女は留学していただけあって、発音がとても自然だ。,彼女は留学していた____、発音がとても自然だ。,だけあって,她不愧是留過學，發音非常自然。
G008,卒業式の写真を見るにつけ、学生時代の友人を思い出す。,卒業式の写真を見る____、学生時代の友人を思い出す。,につけ,每當看到畢業典禮的照片，就會想起學生時代的朋友。
G008,彼の努力を聞くにつけ、自分も頑張らなければと思う。,彼の努力を聞く____、自分も頑張らなければと思う。,につけ,每當聽到他的努力，就覺得自己也必須加油。
G008,良いにつけ悪いにつけ、この経験は忘れられない。,良い____悪い____、この経験は忘れられない。,につけ,無論好壞，這段經驗都難以忘懷。
G008,親の苦労を思うにつけ、もっと感謝すべきだったと感じる。,親の苦労を思う____、もっと感謝すべきだったと感じる。,につけ,每當想到父母的辛苦，就覺得自己應該更感謝。
G008,季節が変わるにつけ、故郷の景色が懐かしくなる。,季節が変わる____、故郷の景色が懐かしくなる。,につけ,每當季節變換，就會懷念故鄉的景色。
G009,兄が慎重なのにひきかえ、弟は何でもすぐに決めてしまう。,兄が慎重なの____、弟は何でもすぐに決めてしまう。,にひきかえ,哥哥很謹慎，相反地弟弟什麼都馬上決定。
G009,都会の生活は便利なのにひきかえ、自然に触れる機会が少ない。,都会の生活は便利なの____、自然に触れる機会が少ない。,にひきかえ,都市生活很方便，相對地接觸自然的機會很少。
G009,去年は赤字だったのにひきかえ、今年は大きな利益が出た。,去年は赤字だったの____、今年は大きな利益が出た。,にひきかえ,去年是赤字，相反地今年獲得了大利潤。
G009,父が無口なのにひきかえ、母は誰とでもすぐに親しくなる。,父が無口なの____、母は誰とでもすぐに親しくなる。,にひきかえ,父親沉默寡言，相反地母親和誰都能很快熟絡。
G009,この製品は性能が高いのにひきかえ、価格もかなり高い。,この製品は性能が高いの____、価格もかなり高い。,にひきかえ,這個產品性能高，相對地價格也相當高。
G010,周囲の心配をよそに、彼は一人で海外へ旅立った。,周囲の心配____、彼は一人で海外へ旅立った。,をよそに,他不顧周圍的擔心，獨自出國旅行。
G010,住民の反対をよそに、工事は予定通り始まった。,住民の反対____、工事は予定通り始まった。,をよそに,不顧居民反對，工程照原定計畫開始了。
G010,親の期待をよそに、彼女は音楽の道を選んだ。,親の期待____、彼女は音楽の道を選んだ。,をよそに,她不顧父母期待，選擇了音樂之路。
G010,世間の批判をよそに、その会社は強引な販売を続けた。,世間の批判____、その会社は強引な販売を続けた。,をよそに,那家公司不顧社會批評，繼續強硬銷售。
G010,不安の声をよそに、計画は何の説明もなく進められた。,不安の声____、計画は何の説明もなく進められた。,をよそに,不顧不安的聲音，計畫沒有任何說明就被推進。
G011,社長から新人に至るまで、全員がこの改革に参加した。,社長から新人____、全員がこの改革に参加した。,に至るまで,從社長到新人，所有人都參與了這項改革。
G011,服装から言葉遣いに至るまで、彼の態度は完璧だった。,服装から言葉遣い____、彼の態度は完璧だった。,に至るまで,從服裝到措辭，他的態度都很完美。
G011,会場の照明から椅子の配置に至るまで、細かく計算されていた。,会場の照明から椅子の配置____、細かく計算されていた。,に至るまで,從會場照明到椅子配置，都經過細緻計算。
G011,企画から販売に至るまで、彼女はすべての段階に関わった。,企画から販売____、彼女はすべての段階に関わった。,に至るまで,從企劃到銷售，她參與了所有階段。
G011,細部のデザインに至るまで、職人のこだわりが感じられる。,細部のデザイン____、職人のこだわりが感じられる。,に至るまで,甚至到細部設計，都能感受到工匠的堅持。
G012,開会に先立って、主催者から注意事項が説明された。,開会____、主催者から注意事項が説明された。,に先立って,開會之前，主辦方說明了注意事項。
G012,調査を始めるに先立って、関係者への聞き取りを行った。,調査を始める____、関係者への聞き取りを行った。,に先立って,開始調查之前，先對相關人士進行訪談。
G012,新制度の導入に先立って、社員向けの研修が行われた。,新制度の導入____、社員向けの研修が行われた。,に先立って,新制度導入前，先舉辦了員工研修。
G012,式典に先立って、会場周辺の安全確認が行われた。,式典____、会場周辺の安全確認が行われた。,に先立って,典禮之前，先確認了會場周邊安全。
G012,発売に先立って、予約受付が開始された。,発売____、予約受付が開始された。,に先立って,發售之前，預約受理先開始了。
G013,入学に際して、必要な書類を提出してください。,入学____、必要な書類を提出してください。,に際して,入學時請提交必要文件。
G013,契約に際して、内容を十分に確認する必要がある。,契約____、内容を十分に確認する必要がある。,に際して,簽約時有必要充分確認內容。
G013,海外赴任に際して、家族ともよく話し合った。,海外赴任____、家族ともよく話し合った。,に際して,在赴海外任職之際，也和家人充分討論。
G013,サービスの利用に際して、個人情報の登録が必要です。,サービスの利用____、個人情報の登録が必要です。,に際して,使用服務時，需要登錄個人資料。
G013,退職に際して、お世話になった方々に挨拶をした。,退職____、お世話になった方々に挨拶をした。,に際して,離職之際，向照顧過自己的人們打了招呼。
G014,東京公演を皮切りに、全国ツアーが始まった。,東京公演____、全国ツアーが始まった。,を皮切りに,以東京公演為開端，全國巡演開始了。
G014,新商品の発売を皮切りに、会社の業績は回復し始めた。,新商品の発売____、会社の業績は回復し始めた。,を皮切りに,以新商品發售為開端，公司業績開始恢復。
G014,その発言を皮切りに、会議では次々と意見が出された。,その発言____、会議では次々と意見が出された。,を皮切りに,以那句發言為開端，會議上接連提出意見。
G014,大阪店の開店を皮切りに、各地で支店が増えていった。,大阪店の開店____、各地で支店が増えていった。,を皮切りに,以大阪店開幕為開端，各地分店逐漸增加。
G014,一人の告発を皮切りに、同じ被害を訴える声が相次いだ。,一人の告発____、同じ被害を訴える声が相次いだ。,を皮切りに,以一人的告發為開端，主張同樣受害的聲音接連出現。
G015,子どもたちは泥まみれになって公園で遊んでいた。,子どもたちは泥____になって公園で遊んでいた。,まみれ,孩子們滿身泥巴地在公園玩。
G015,彼は汗まみれになりながら、最後まで走り続けた。,彼は汗____になりながら、最後まで走り続けた。,まみれ,他滿身是汗地跑到最後。
G015,古い箱を開けると、中の書類はほこりまみれだった。,古い箱を開けると、中の書類はほこり____だった。,まみれ,打開舊箱子後，裡面的文件滿是灰塵。
G015,事故現場から血まみれの服が見つかった。,事故現場から血____の服が見つかった。,まみれ,事故現場發現了沾滿血的衣服。
G015,失敗まみれの一年だったが、多くのことを学んだ。,失敗____の一年だったが、多くのことを学んだ。,まみれ,雖然是充滿失敗的一年，但學到了很多。
G016,今年は祝い事ずくめで、家族みんなが明るい表情をしている。,今年は祝い事____で、家族みんなが明るい表情をしている。,ずくめ,今年喜事連連，全家都露出明亮的表情。
G016,黒ずくめの服装をした人が、会場の隅に立っていた。,黒____の服装をした人が、会場の隅に立っていた。,ずくめ,穿著一身黑的人站在會場角落。
G016,この旅行は楽しいことずくめで、忘れられない思い出になった。,この旅行は楽しいこと____で、忘れられない思い出になった。,ずくめ,這趟旅行盡是開心事，成了難忘回憶。
G016,規則ずくめの職場では、自由な発想が生まれにくい。,規則____の職場では、自由な発想が生まれにくい。,ずくめ,在滿是規則的職場，很難產生自由的想法。
G016,彼の部屋は新しい機械ずくめで、まるで研究室のようだ。,彼の部屋は新しい機械____で、まるで研究室のようだ。,ずくめ,他的房間滿是新機器，簡直像研究室。
G017,連休中とあって、駅は朝から旅行客で混雑していた。,連休中____、駅は朝から旅行客で混雑していた。,とあって,因為正值連假，車站一早就擠滿旅客。
G017,初めての海外公演とあって、メンバーは皆緊張していた。,初めての海外公演____、メンバーは皆緊張していた。,とあって,因為是第一次海外公演，成員們都很緊張。
G017,人気作家の新作とあって、発売前から予約が殺到した。,人気作家の新作____、発売前から予約が殺到した。,とあって,因為是人氣作家的新作，發售前預約就蜂擁而至。
G017,決勝戦とあって、会場には多くの報道陣が集まった。,決勝戦____、会場には多くの報道陣が集まった。,とあって,因為是決賽，會場聚集了許多媒體。
G017,無料で参加できるとあって、説明会には予想以上の人が来た。,無料で参加できる____、説明会には予想以上の人が来た。,とあって,因為可以免費參加，說明會來了比預期更多的人。
G018,彼は「任せてくれ」とばかりに、力強くうなずいた。,彼は「任せてくれ」____、力強くうなずいた。,とばかりに,他像是在說「交給我吧」似地用力點頭。
G018,犬は早く散歩に行こうとばかりに、玄関の前で待っていた。,犬は早く散歩に行こう____、玄関の前で待っていた。,とばかりに,狗像是在說快去散步吧似地在玄關前等著。
G018,彼女はもう我慢できないとばかりに、席を立って出て行った。,彼女はもう我慢できない____、席を立って出て行った。,とばかりに,她像是在說已經受不了似地站起來離開。
G018,子どもは褒めてほしいとばかりに、完成した絵を見せに来た。,子どもは褒めてほしい____、完成した絵を見せに来た。,とばかりに,孩子像是希望被稱讚似地拿完成的畫來給我看。
G018,雨は今がチャンスとばかりに、急に激しく降り出した。,雨は今がチャンス____、急に激しく降り出した。,とばかりに,雨彷彿抓住機會似地突然下大了。
G019,彼は泣き出さんばかりに、悔しそうな顔をしていた。,彼は泣き出さ____、悔しそうな顔をしていた。,んばかりに,他露出懊悔的表情，幾乎要哭出來。
G019,観客は割れんばかりの拍手で選手を迎えた。,観客は割れ____の拍手で選手を迎えた。,んばかり,觀眾以幾乎震耳欲聾的掌聲迎接選手。
G019,彼女は倒れんばかりに疲れていたが、笑顔を崩さなかった。,彼女は倒れ____疲れていたが、笑顔を崩さなかった。,んばかりに,她累到幾乎要倒下，卻仍保持笑容。
G019,木々は空に届かんばかりに高く伸びている。,木々は空に届か____高く伸びている。,んばかりに,樹木長得很高，彷彿快要碰到天空。
G019,彼は勝利を確信せんばかりに、自信に満ちた表情をしていた。,彼は勝利を確信せ____、自信に満ちた表情をしていた。,んばかりに,他露出充滿自信的表情，彷彿確信勝利。
G020,真実を明らかにせんがために、彼は危険を承知で調査を続けた。,真実を明らかにせ____、彼は危険を承知で調査を続けた。,んがために,為了揭露真相，他明知危險仍繼續調查。
G020,会社を立て直さんがために、社長は大胆な改革を行った。,会社を立て直さ____、社長は大胆な改革を行った。,んがために,為了重振公司，社長進行了大膽改革。
G020,夢を実現せんがために、彼女は毎日遅くまで練習している。,夢を実現せ____、彼女は毎日遅くまで練習している。,んがために,為了實現夢想，她每天練習到很晚。
G020,民を救わんがために、王は自ら戦場へ向かった。,民を救わ____、王は自ら戦場へ向かった。,んがために,為了拯救人民，國王親自前往戰場。
G020,名誉を守らんがために、彼は沈黙を選んだ。,名誉を守ら____、彼は沈黙を選んだ。,んがために,為了守護名譽，他選擇了沉默。
G021,原因を明らかにすべく、専門家チームが現地に派遣された。,原因を明らかにす____、専門家チームが現地に派遣された。,べく,為了查明原因，專家團隊被派往現場。
G021,新しい市場を開拓すべく、会社は海外に拠点を設けた。,新しい市場を開拓す____、会社は海外に拠点を設けた。,べく,為了開拓新市場，公司在海外設立據點。
G021,失われた信頼を取り戻すべく、彼は謝罪会見を開いた。,失われた信頼を取り戻す____、彼は謝罪会見を開いた。,べく,為了挽回失去的信任，他召開了道歉記者會。
G021,環境への負担を減らすべく、工場の設備が改良された。,環境への負担を減らす____、工場の設備が改良された。,べく,為了減少對環境的負擔，工廠設備被改良了。
G021,次の試合で勝つべく、チームは練習方法を見直した。,次の試合で勝つ____、チームは練習方法を見直した。,べく,為了在下一場比賽獲勝，隊伍重新檢討了練習方法。
G022,関係者以外、ここに入るべからず。,関係者以外、ここに入る____。,べからず,非相關人員不得進入此處。
G022,初心忘るべからずという言葉を、彼は今も大切にしている。,初心忘る____という言葉を、彼は今も大切にしている。,べからず,他至今仍珍惜「勿忘初衷」這句話。
G022,この資料は社外に持ち出すべからずと定められている。,この資料は社外に持ち出す____と定められている。,べからず,規定這份資料不得帶出公司。
G022,危険区域につき、近づくべからず。,危険区域につき、近づく____。,べからず,此為危險區域，不得靠近。
G022,公共の場で大声を出すべからずという注意書きが貼られていた。,公共の場で大声を出す____という注意書きが貼られていた。,べからず,貼著「公共場所不得大聲喧嘩」的告示。
G023,政治家にあるまじき発言として、多くの批判が集まった。,政治家にある____発言として、多くの批判が集まった。,まじき,作為政治家不該有的發言，引來許多批評。
G023,教師にあるまじき行為が明らかになり、学校は謝罪した。,教師にある____行為が明らかになり、学校は謝罪した。,まじき,教師不該有的行為曝光後，學校道歉了。
G023,医師にあるまじき不注意で、患者に大きな不安を与えた。,医師にある____不注意で、患者に大きな不安を与えた。,まじき,因醫師不該有的疏忽，讓患者非常不安。
G023,責任者にあるまじき対応だと、参加者は怒りを示した。,責任者にある____対応だと、参加者は怒りを示した。,まじき,參加者憤怒地表示那是負責人不該有的應對。
G023,研究者にあるまじきデータの扱いが問題となった。,研究者にある____データの扱いが問題となった。,まじき,研究者不該有的資料處理方式成了問題。
G024,事故現場の映像は見るに堪えないほど悲惨だった。,事故現場の映像は見る____ほど悲惨だった。,に堪えない,事故現場影像悲慘到不忍卒睹。
G024,皆様の温かい支援に感謝に堪えません。,皆様の温かい支援に感謝____。,に堪えません,對各位溫暖的支援不勝感激。
G024,彼の無責任な発言には怒りに堪えない。,彼の無責任な発言には怒り____。,に堪えない,對他不負責任的發言感到無比憤怒。
G024,歴史ある建物が失われたことは残念に堪えない。,歴史ある建物が失われたことは残念____。,に堪えない,歷史建築消失一事令人萬分遺憾。
G024,子どもが苦しむ姿は、親として見るに堪えなかった。,子どもが苦しむ姿は、親として見る____。,に堪えなかった,孩子痛苦的樣子，作為父母實在不忍看。
G025,この小説は大人の鑑賞に堪える深さを持っている。,この小説は大人の鑑賞____深さを持っている。,に堪える,這部小說具有值得大人鑑賞的深度。
G025,長年の使用に堪える丈夫な素材が使われている。,長年の使用____丈夫な素材が使われている。,に堪える,使用了經得起長年使用的耐用材料。
G025,彼の作品は専門家の評価に堪える完成度だ。,彼の作品は専門家の評価____完成度だ。,に堪える,他的作品完成度足以經得起專家評價。
G025,その報告書は公開に堪える内容ではなかった。,その報告書は公開____内容ではなかった。,に堪える,那份報告書內容不足以公開。
G025,この映画は何度も見るに堪える魅力がある。,この映画は何度も見る____魅力がある。,に堪える,這部電影有值得反覆觀看的魅力。
G026,彼は信頼に足る人物だと多くの人が認めている。,彼は信頼____人物だと多くの人が認めている。,に足る,許多人都認為他是值得信任的人。
G026,この調査結果は判断の根拠とするに足るものだ。,この調査結果は判断の根拠とする____ものだ。,に足る,這項調查結果足以作為判斷依據。
G026,議論に足る証拠がないため、結論は出せない。,議論____証拠がないため、結論は出せない。,に足る,因為沒有足以討論的證據，無法下結論。
G026,彼女の行動は称賛に足る勇気を示している。,彼女の行動は称賛____勇気を示している。,に足る,她的行動展現出值得讚揚的勇氣。
G026,この企画は投資するに足る価値があると判断された。,この企画は投資する____価値があると判断された。,に足る,這項企劃被判斷具有值得投資的價值。
G027,窓の外を見るともなく見ているうちに、雨が雪に変わった。,窓の外を見る____見ているうちに、雨が雪に変わった。,ともなく,無意識地看著窗外時，雨變成了雪。
G027,ラジオを聞くともなく聞いていたら、懐かしい曲が流れてきた。,ラジオを聞く____聞いていたら、懐かしい曲が流れてきた。,ともなく,無意識地聽著廣播時，播出了令人懷念的歌。
G027,彼は誰に話すともなく、昔の思い出を語り始めた。,彼は誰に話す____、昔の思い出を語り始めた。,ともなく,他像不是特別對誰說似地，開始談起往事。
G027,行くともなく駅の方へ歩いていると、友人に会った。,行く____駅の方へ歩いていると、友人に会った。,ともなく,不知不覺往車站方向走時，遇見了朋友。
G027,考えるともなく考えていた問題の答えが、急に浮かんだ。,考える____考えていた問題の答えが、急に浮かんだ。,ともなく,無意識想著的問題答案突然浮現。
G028,彼は家に帰るなり、ソファに倒れ込んだ。,彼は家に帰る____、ソファに倒れ込んだ。,なり,他一回到家就倒在沙發上。
G028,社長は資料を見るなり、表情を険しくした。,社長は資料を見る____、表情を険しくした。,なり,社長一看到資料就表情嚴肅起來。
G028,子どもは母の顔を見るなり、泣き出した。,子どもは母の顔を見る____、泣き出した。,なり,孩子一看到母親的臉就哭了出來。
G028,彼女は電話を切るなり、急いで部屋を出た。,彼女は電話を切る____、急いで部屋を出た。,なり,她一掛電話就急忙離開房間。
G028,犬はドアが開くなり、外へ飛び出した。,犬はドアが開く____、外へ飛び出した。,なり,門一開，狗就衝了出去。
G029,ベルが鳴るが早いか、学生たちは教室を飛び出した。,ベルが鳴る____、学生たちは教室を飛び出した。,が早いか,鈴聲一響，學生們就衝出教室。
G029,店が開くが早いか、客が次々と入ってきた。,店が開く____、客が次々と入ってきた。,が早いか,店一開，客人就接連進來。
G029,彼は質問を聞くが早いか、すぐに答えを言った。,彼は質問を聞く____、すぐに答えを言った。,が早いか,他一聽到問題就立刻說出答案。
G029,雨がやむが早いか、子どもたちは外へ遊びに出た。,雨がやむ____、子どもたちは外へ遊びに出た。,が早いか,雨一停，孩子們就跑到外面玩。
G029,合図が出るが早いか、選手たちは一斉に走り出した。,合図が出る____、選手たちは一斉に走り出した。,が早いか,信號一出，選手們就同時跑了出去。
G030,新しい単語を覚えるそばから、前に覚えたものを忘れてしまう。,新しい単語を覚える____、前に覚えたものを忘れてしまう。,そばから,剛記住新單字，就把之前記的忘掉。
G030,片付けるそばから、子どもがおもちゃを散らかしていく。,片付ける____、子どもがおもちゃを散らかしていく。,そばから,剛收拾好，孩子就把玩具弄亂。
G030,説明するそばから、彼は同じ間違いを繰り返した。,説明する____、彼は同じ間違いを繰り返した。,そばから,剛說明完，他就重複同樣的錯誤。
G030,貯金するそばから、急な出費でお金が出ていく。,貯金する____、急な出費でお金が出ていく。,そばから,剛存錢，就因臨時支出花掉。
G030,注意したそばから、彼はまたスマホを見始めた。,注意した____、彼はまたスマホを見始めた。,そばから,剛提醒完，他又開始看手機。
"G031","今の成功は、家族の支えあってのものだ。","今の成功は、家族の支え____ものだ。","あっての","現在的成功是因為有家人的支持才有的。"
"G031","安全な運営は、現場の協力あってのことです。","安全な運営は、現場の協力____ことです。","あっての","安全的營運是有現場配合才做得到。"
"G031","この研究成果は、長年の観察あっての発見だ。","この研究成果は、長年の観察____発見だ。","あっての","這項研究成果是因為有長年觀察才有的發現。"
"G031","信頼あっての商売なのに、彼は約束を破った。","信頼____商売なのに、彼は約束を破った。","あっての","做生意靠的是信任，他卻違背了承諾。"
"G031","健康あっての毎日だから、無理はしないほうがいい。","健康____毎日だから、無理はしないほうがいい。","あっての","每天的生活要有健康才成立，所以別太勉強。"
"G032","審査の結果いかんでは、計画を見直す必要がある。","審査の結果____では、計画を見直す必要がある。","いかん","視審查結果而定，有必要重新檢討計畫。"
"G032","売り上げいかんで、来期の予算が決まる。","売り上げ____で、来期の予算が決まる。","いかん","下期預算會依銷售額決定。"
"G032","相手の返事いかんによっては、こちらの対応も変わる。","相手の返事____によっては、こちらの対応も変わる。","いかん","依對方回覆而定，我方應對也會改變。"
"G032","証拠いかんでは、判断が覆る可能性がある。","証拠____では、判断が覆る可能性がある。","いかん","視證據而定，判斷可能會翻轉。"
"G032","天候いかんでは、式典を屋内で行う。","天候____では、式典を屋内で行う。","いかん","視天氣而定，典禮會在室內舉行。"
"G033","理由のいかんによらず、無断欠席は認められない。","理由の____、無断欠席は認められない。","いかんによらず","不論理由為何，都不允許無故缺席。"
"G033","成績のいかんによらず、努力した過程は評価したい。","成績の____、努力した過程は評価したい。","いかんによらず","不論成績如何，我想肯定努力的過程。"
"G033","国籍のいかんによらず、応募することができます。","国籍の____、応募することができます。","いかんによらず","不論國籍皆可報名。"
"G033","事情のいかんによらず、期限は守ってください。","事情の____、期限は守ってください。","いかんによらず","不論情況如何，請遵守期限。"
"G033","規模のいかんによらず、すべての事故を報告する必要がある。","規模の____、すべての事故を報告する必要がある。","いかんによらず","不論規模大小，所有事故都需要報告。"
"G034","誰に反対されようが、自分の決断は変えない。","誰に反対され____、自分の決断は変えない。","ようが","不管被誰反對，我都不改變自己的決定。"
"G034","結果が悪かろうが、最後までやり切るつもりだ。","結果が悪かろ____、最後までやり切るつもりだ。","うが","即使結果不好，我也打算做到最後。"
"G034","どんなに忙しかろうが、睡眠時間は確保している。","どんなに忙しかろ____、睡眠時間は確保している。","うが","不管多忙，我都會確保睡眠時間。"
"G034","上司に何を言われようが、違法なことはできない。","上司に何を言われ____、違法なことはできない。","ようが","不管上司說什麼，違法的事不能做。"
"G034","資料が複雑だろうが、読まずに判断するわけにはいかない。","資料が複雑だろ____、読まずに判断するわけにはいかない。","うが","即使資料複雜，也不能不讀就判斷。"
"G035","雨が降ろうが降るまいが、試合は予定通り行われる。","雨が降ろ____降る____、試合は予定通り行われる。","うが／まいが","不管下不下雨，比賽都照預定舉行。"
"G035","彼が来ようが来るまいが、会議は始める。","彼が来____来る____、会議は始める。","ようが／まいが","不管他來不來，會議都開始。"
"G035","周囲が認めようが認めまいが、彼女の実力は確かだ。","周囲が認め____認め____、彼女の実力は確かだ。","ようが／まいが","不管周圍承不承認，她的實力是確實的。"
"G035","参加者が多かろうが少なかろうが、準備は万全にする。","参加者が多かろ____少なかろ____、準備は万全にする。","うが／うが","不管參加者多或少，都會做好萬全準備。"
"G035","売れようが売れまいが、自分が納得できる作品を作りたい。","売れ____売れ____、自分が納得できる作品を作りたい。","ようが／まいが","不管賣不賣，我想做出自己能接受的作品。"
"G036","財布を忘れて、払おうにも払えない。","財布を忘れて、払____払えない。","おうにも","忘了帶錢包，想付也付不了。"
"G036","説明しようにも、資料が手元にない。","説明し____、資料が手元にない。","ようにも","想說明也因為手邊沒有資料而不能。"
"G036","助けを求めようにも、周りに誰もいなかった。","助けを求め____、周りに誰もいなかった。","ようにも","想求助也因周圍沒有人而無法。"
"G036","眠ろうにも、隣の工事がうるさすぎる。","眠ろ____、隣の工事がうるさすぎる。","うにも","想睡也因隔壁施工太吵而睡不了。"
"G036","連絡しようにも、相手の番号が分からない。","連絡し____、相手の番号が分からない。","ようにも","想聯絡也不知道對方號碼。"
"G037","長年の夢がかなって、うれしい限りだ。","長年の夢がかなって、うれしい____。","限りだ","多年的夢想實現，真是開心極了。"
"G037","皆様にご迷惑をおかけし、申し訳ない限りです。","皆様にご迷惑をおかけし、申し訳ない____です。","限り","造成各位困擾，實在非常抱歉。"
"G037","このような賞をいただき、光栄な限りです。","このような賞をいただき、光栄な____です。","限り","能獲得這樣的獎，真是無上光榮。"
"G037","友人が遠くへ引っ越してしまい、寂しい限りだ。","友人が遠くへ引っ越してしまい、寂しい____。","限りだ","朋友搬到遠方，真是寂寞極了。"
"G037","皆が無事に帰ってきて、安心した限りだ。","皆が無事に帰ってきて、安心した____。","限りだ","大家平安回來，真是安心極了。"
"G038","彼はゲームを始めたが最後、朝までやめない。","彼はゲームを始めた____、朝までやめない。","が最後","他一開始玩遊戲，就到早上都不停。"
"G038","この秘密を知られたが最後、計画は失敗するだろう。","この秘密を知られた____、計画は失敗するだろう。","が最後","這個秘密一旦被知道，計畫大概就會失敗。"
"G038","彼女に任せたが最後、細部まで徹底的に直される。","彼女に任せた____、細部まで徹底的に直される。","が最後","一旦交給她，就會被徹底修到細節。"
"G038","その契約に署名したが最後、簡単には取り消せない。","その契約に署名した____、簡単には取り消せない。","が最後","一旦簽了那份合約，就很難取消。"
"G038","父は酒を飲み始めたが最後、同じ話を何度も繰り返す。","父は酒を飲み始めた____、同じ話を何度も繰り返す。","が最後","父親一開始喝酒，就會重複講同樣的話。"
"G039","近くに参りましたので、ご挨拶かたがた伺いました。","近くに参りましたので、ご挨拶____伺いました。","かたがた","因為到了附近，所以兼作問候來拜訪。"
"G039","退職の報告かたがた、お世話になった方々に手紙を書いた。","退職の報告____、お世話になった方々に手紙を書いた。","かたがた","兼作退休報告，寫信給照顧過我的人。"
"G039","お礼かたがた、資料をお届けします。","お礼____、資料をお届けします。","かたがた","兼表謝意，把資料送過去。"
"G039","新年の挨拶かたがた、先生のお宅を訪ねた。","新年の挨拶____、先生のお宅を訪ねた。","かたがた","兼作新年問候，拜訪了老師家。"
"G039","受賞の報告かたがた、恩師に電話をした。","受賞の報告____、恩師に電話をした。","かたがた","兼作得獎報告，打電話給恩師。"
"G040","彼は会社で働くかたわら、大学院で研究を続けている。","彼は会社で働く____、大学院で研究を続けている。","かたわら","他一邊在公司工作，一邊在研究所持續研究。"
"G040","母は家事のかたわら、地域のボランティアをしている。","母は家事の____、地域のボランティアをしている。","かたわら","母親在做家事之餘，也做地方志工。"
"G040","彼女は翻訳の仕事をするかたわら、小説を書いている。","彼女は翻訳の仕事をする____、小説を書いている。","かたわら","她一邊做翻譯工作，一邊寫小說。"
"G040","父は農業のかたわら、子どもたちに自然を教えている。","父は農業の____、子どもたちに自然を教えている。","かたわら","父親務農之餘，也教孩子們自然知識。"
"G040","彼は治療を受けるかたわら、仕事にも復帰した。","彼は治療を受ける____、仕事にも復帰した。","かたわら","他一邊接受治療，也回到了工作崗位。"
"G041","散歩がてら、駅前の本屋に寄った。","散歩____、駅前の本屋に寄った。","がてら","散步時順便去了車站前的書店。"
"G041","買い物がてら、友人の店をのぞいてみた。","買い物____、友人の店をのぞいてみた。","がてら","買東西時順便去朋友的店看了看。"
"G041","休憩がてら、外の空気を吸いに出た。","休憩____、外の空気を吸いに出た。","がてら","休息時順便出去呼吸外面的空氣。"
"G041","ジョギングがてら、海まで行ってきた。","ジョギング____、海まで行ってきた。","がてら","慢跑時順便跑到了海邊。"
"G041","見学がてら、新しい施設の設備も確認した。","見学____、新しい施設の設備も確認した。","がてら","參觀時順便確認了新設施的設備。"
"G042","彼のごとき才能を持つ人はめったにいない。","彼の____才能を持つ人はめったにいない。","ごとき","很少有人擁有像他那樣的才能。"
"G042","夢のごとき時間は、あっという間に過ぎた。","夢の____時間は、あっという間に過ぎた。","ごとき","如夢般的時間一下子就過去了。"
"G042","氷のごとき冷たい視線を向けられた。","氷の____冷たい視線を向けられた。","ごとき","被投以冰一般冷的視線。"
"G042","彼のごとき未熟者に任せるわけにはいかない。","彼の____未熟者に任せるわけにはいかない。","ごとき","不能交給像他那樣不成熟的人。"
"G042","嵐のごとき拍手が会場を包んだ。","嵐の____拍手が会場を包んだ。","ごとき","暴風雨般的掌聲包圍了會場。"
"G043","これで終わりと思いきや、さらに難しい課題が出された。","これで終わり____、さらに難しい課題が出された。","と思いきや","以為這樣就結束，沒想到又出了更難的課題。"
"G043","彼は怒っていると思いきや、静かに笑っていた。","彼は怒っている____、静かに笑っていた。","と思いきや","以為他在生氣，沒想到安靜地笑著。"
"G043","今日は暇だと思いきや、急な会議が三つも入った。","今日は暇だ____、急な会議が三つも入った。","と思いきや","以為今天很閒，沒想到臨時多了三個會議。"
"G043","すぐ解決すると思いきや、問題は意外に根深かった。","すぐ解決する____、問題は意外に根深かった。","と思いきや","以為很快能解決，沒想到問題意外地根深蒂固。"
"G043","彼女が断ると思いきや、真っ先に手を挙げた。","彼女が断る____、真っ先に手を挙げた。","と思いきや","以為她會拒絕，沒想到第一個舉手。"
"G044","ドアを開けるや否や、犬が飛び出してきた。","ドアを開ける____、犬が飛び出してきた。","や否や","門一打開，狗就衝了出來。"
"G044","発表が終わるや否や、質問が相次いだ。","発表が終わる____、質問が相次いだ。","や否や","發表一結束，問題就接連而來。"
"G044","駅に着くや否や、彼は走り出した。","駅に着く____、彼は走り出した。","や否や","一到車站，他就跑了起來。"
"G044","試合開始の笛が鳴るや否や、観客が歓声を上げた。","試合開始の笛が鳴る____、観客が歓声を上げた。","や否や","比賽開始的哨聲一響，觀眾就歡呼。"
"G044","メールを送るや否や、すぐに返信が届いた。","メールを送る____、すぐに返信が届いた。","や否や","郵件一寄出，馬上就收到了回覆。"
"G045","努力なくしては、目標の達成は難しい。","努力____、目標の達成は難しい。","なくしては","沒有努力就很難達成目標。"
"G045","信頼なくしては、良いチームは作れない。","信頼____、良いチームは作れない。","なくしては","沒有信任就無法打造好團隊。"
"G045","準備なくしては、本番で力を出せない。","準備____、本番で力を出せない。","なくしては","沒有準備就無法在正式場合發揮。"
"G045","現場の理解なくしては、制度改革は進まない。","現場の理解____、制度改革は進まない。","なくしては","沒有現場的理解，制度改革無法推進。"
"G045","安全確認なくしては、作業を始めるべきではない。","安全確認____、作業を始めるべきではない。","なくしては","沒有安全確認就不該開始作業。"
"G046","本人の同意なしに、情報を公開してはいけない。","本人の同意____、情報を公開してはいけない。","なしに","沒有本人同意，不可以公開資訊。"
"G046","努力なしに、語学力は伸びない。","努力____、語学力は伸びない。","なしに","沒有努力，語言能力不會進步。"
"G046","十分な説明なしに、契約を結ぶのは危険だ。","十分な説明____、契約を結ぶのは危険だ。","なしに","沒有充分說明就簽約很危險。"
"G046","許可なしに、研究室へ入ることはできない。","許可____、研究室へ入ることはできない。","なしに","沒有許可不能進入研究室。"
"G046","準備なしに、本番へ臨むのは無謀だ。","準備____、本番へ臨むのは無謀だ。","なしに","沒有準備就上正式場面是魯莽的。"
"G047","京都ならではの落ち着いた雰囲気を楽しんだ。","京都____の落ち着いた雰囲気を楽しんだ。","ならでは","享受了京都特有的沉穩氛圍。"
"G047","専門店ならではの丁寧なサービスだった。","専門店____の丁寧なサービスだった。","ならでは","那是專賣店才有的細緻服務。"
"G047","長年の経験ならではの判断だと思う。","長年の経験____の判断だと思う。","ならでは","我認為那是長年經驗才有的判斷。"
"G047","地方ならではの食材を使った料理が並んだ。","地方____の食材を使った料理が並んだ。","ならでは","擺出了使用地方特有食材的料理。"
"G047","彼ならではの鋭い視点に驚かされた。","彼____の鋭い視点に驚かされた。","ならでは","被他獨有的敏銳觀點驚到了。"
"G048","今さら謝ったところで、失った信頼は戻らない。","今さら謝った____、失った信頼は戻らない。","ところで","事到如今即使道歉，失去的信任也回不來。"
"G048","一人で悩んだところで、答えは出ない。","一人で悩んだ____、答えは出ない。","ところで","即使一個人煩惱，也得不出答案。"
"G048","急いだところで、もう終電には間に合わない。","急いだ____、もう終電には間に合わない。","ところで","即使趕路，也已經趕不上末班車。"
"G048","反論したところで、彼は聞く耳を持たないだろう。","反論した____、彼は聞く耳を持たないだろう。","ところで","即使反駁，他大概也不會聽。"
"G048","安くしたところで、品質が悪ければ売れない。","安くした____、品質が悪ければ売れない。","ところで","即使降價，品質差也賣不出去。"
"G049","新人であれ、規則は守らなければならない。","新人____、規則は守らなければならない。","であれ","即使是新人，也必須遵守規則。"
"G049","社長であれ、現場の声を無視してはいけない。","社長____、現場の声を無視してはいけない。","であれ","即使是社長，也不能忽視現場的聲音。"
"G049","冗談であれ、人を傷つける言葉は避けるべきだ。","冗談____、人を傷つける言葉は避けるべきだ。","であれ","即使是玩笑，也應避免傷人的話。"
"G049","小さなミスであれ、原因を確認する必要がある。","小さなミス____、原因を確認する必要がある。","であれ","即使是小錯，也有必要確認原因。"
"G049","海外であれ国内であれ、安全対策は欠かせない。","海外____国内____、安全対策は欠かせない。","であれ／であれ","不論海外還是國內，安全對策都不可或缺。"
"G050","お忙しいところを、来ていただきありがとうございます。","お忙しい____、来ていただきありがとうございます。","ところを","您百忙之中前來，非常感謝。"
"G050","お休みのところを、電話してしまい申し訳ありません。","お休みの____、電話してしまい申し訳ありません。","ところを","在您休息時打電話，十分抱歉。"
"G050","困っていたところを、先生に助けていただいた。","困っていた____、先生に助けていただいた。","ところを","正在困擾時，得到了老師幫助。"
"G050","危ないところを、通りがかりの人が止めてくれた。","危ない____、通りがかりの人が止めてくれた。","ところを","在危險時，被路過的人制止了。"
"G050","ご多忙のところを、資料をご確認いただき感謝します。","ご多忙の____、資料をご確認いただき感謝します。","ところを","感謝您百忙之中確認資料。"
"G051","現場の実態に即して、制度を見直すべきだ。","現場の実態____、制度を見直すべきだ。","に即して","應依照現場實際情況重新檢討制度。"
"G051","法律に即して、手続きを進めてください。","法律____、手続きを進めてください。","に即して","請依照法律推進程序。"
"G051","時代の変化に即して、教育内容も変える必要がある。","時代の変化____、教育内容も変える必要がある。","に即して","需要依照時代變化改變教育內容。"
"G051","事実に即して、冷静に議論しましょう。","事実____、冷静に議論しましょう。","に即して","依照事實冷靜討論吧。"
"G051","利用者の声に即したサービス改善が求められる。","利用者の声____サービス改善が求められる。","に即した","需要符合使用者聲音的服務改善。"
"G052","春とはいえ、朝晩はまだ冷える。","春____、朝晩はまだ冷える。","とはいえ","雖說是春天，早晚仍然很冷。"
"G052","経験者とはいえ、初めての現場では緊張する。","経験者____、初めての現場では緊張する。","とはいえ","雖說是有經驗者，第一次到現場還是會緊張。"
"G052","安いとはいえ、必要のない物は買わない。","安い____、必要のない物は買わない。","とはいえ","雖說便宜，不需要的東西不買。"
"G052","便利とはいえ、使い方を誤れば危険だ。","便利____、使い方を誤れば危険だ。","とはいえ","雖說便利，用錯也很危險。"
"G052","学生とはいえ、責任ある行動が求められる。","学生____、責任ある行動が求められる。","とはいえ","雖說是學生，也被要求負責任地行動。"
"G053","早く相談してくれればよかったものを、一人で抱え込んでいた。","早く相談してくれればよかった____、一人で抱え込んでいた。","ものを","早點找我商量就好了，卻一個人悶著。"
"G053","確認すれば防げたものを、誰も気づかなかった。","確認すれば防げた____、誰も気づかなかった。","ものを","明明確認就能防止，卻沒有人注意到。"
"G053","素直に謝れば済んだものを、彼は言い訳を続けた。","素直に謝れば済んだ____、彼は言い訳を続けた。","ものを","明明老實道歉就好了，他卻一直找藉口。"
"G053","地図を見れば迷わなかったものを、勘だけで歩いた。","地図を見れば迷わなかった____、勘だけで歩いた。","ものを","明明看地圖就不會迷路，卻只靠直覺走。"
"G053","一言知らせてくれれば迎えに行ったものを、彼女は黙って帰った。","一言知らせてくれれば迎えに行った____、彼女は黙って帰った。","ものを","只要告訴我一聲我就去接，她卻默默回去了。"
"G054","努力と才能と相まって、彼は大きく成長した。","努力と才能____、彼は大きく成長した。","と相まって","努力與才能相互作用，使他大幅成長。"
"G054","円安と需要の増加と相まって、価格が上昇した。","円安と需要の増加____、価格が上昇した。","と相まって","日圓貶值加上需求增加，價格上漲了。"
"G054","美しい映像と音楽と相まって、印象的な作品になった。","美しい映像と音楽____、印象的な作品になった。","と相まって","美麗影像與音樂相得益彰，成了令人印象深刻的作品。"
"G054","疲労と睡眠不足と相まって、判断力が落ちていた。","疲労と睡眠不足____、判断力が落ちていた。","と相まって","疲勞和睡眠不足相加，判斷力下降了。"
"G054","技術力と営業力と相まって、新商品は好調に売れている。","技術力と営業力____、新商品は好調に売れている。","と相まって","技術力與業務力相輔相成，新商品賣得很好。"
"G055","毎日は無理でないまでも、週に三回は復習したい。","毎日は無理で____、週に三回は復習したい。","ないまでも","即使不能每天，也想一週複習三次。"
"G055","完璧とは言えないまでも、十分に使える仕上がりだ。","完璧とは言え____、十分に使える仕上がりだ。","ないまでも","即使稱不上完美，也是足夠可用的完成度。"
"G055","優勝はできないまでも、決勝には進みたい。","優勝はでき____、決勝には進みたい。","ないまでも","即使不能奪冠，也想進決賽。"
"G055","理解できないまでも、相手の立場を聞く姿勢は必要だ。","理解でき____、相手の立場を聞く姿勢は必要だ。","ないまでも","即使無法理解，也需要聽對方立場的態度。"
"G055","専門家でないまでも、基礎知識は身につけておきたい。","専門家で____、基礎知識は身につけておきたい。","ないまでも","即使不是專家，也想具備基礎知識。"
"G056","ここに荷物を置いても差し支えありません。","ここに荷物を置い____。","ても差し支えありません","把行李放在這裡也無妨。"
"G056","明日の提出でも差し支えないそうです。","明日の提出____そうです。","でも差し支えない","聽說明天提交也沒關係。"
"G056","名前を匿名にしても差し支えない。","名前を匿名にし____。","ても差し支えない","把名字匿名也無妨。"
"G056","会議はオンラインでも差し支えありません。","会議はオンライン____ありません。","でも差し支え","會議用線上形式也沒關係。"
"G056","資料は後で送っても差し支えないですか。","資料は後で送っ____ですか。","ても差し支えない","資料之後再寄也可以嗎？"
"G057","教師たる者、学び続ける姿勢を忘れてはならない。","教師____者、学び続ける姿勢を忘れてはならない。","たる","身為教師，不可忘記持續學習的態度。"
"G057","リーダーたる彼には、冷静な判断が求められる。","リーダー____彼には、冷静な判断が求められる。","たる","身為領導的他，被要求冷靜判斷。"
"G057","医師たるもの、患者の不安に寄り添うべきだ。","医師____もの、患者の不安に寄り添うべきだ。","たる","身為醫師，應該貼近患者的不安。"
"G057","親たる者、子どもの話をきちんと聞きたい。","親____者、子どもの話をきちんと聞きたい。","たる","身為父母，想好好聽孩子說話。"
"G057","プロたる選手が、最後まで諦めるはずがない。","プロ____選手が、最後まで諦めるはずがない。","たる","身為職業選手，不可能到最後都放棄。"
"G058","彼の無責任極まる発言に、会場はざわついた。","彼の無責任____発言に、会場はざわついた。","極まる","他極其不負責任的發言讓會場騷動。"
"G058","危険極まる行為は直ちにやめるべきだ。","危険____行為は直ちにやめるべきだ。","極まる","極其危險的行為應立刻停止。"
"G058","失礼極まる態度に、誰もが不快感を示した。","失礼____態度に、誰もが不快感を示した。","極まる","極其失禮的態度讓所有人都表示不快。"
"G058","曖昧極まる説明では、利用者は納得しない。","曖昧____説明では、利用者は納得しない。","極まる","極其曖昧的說明無法讓使用者接受。"
"G058","不公平極まる制度を放置してはいけない。","不公平____制度を放置してはいけない。","極まる","不可放任極其不公平的制度。"
"G059","出張にかこつけて、彼は観光ばかりしていた。","出張____、彼は観光ばかりしていた。","にかこつけて","他藉出差之名，一直在觀光。"
"G059","体調不良にかこつけて、会議を欠席した。","体調不良____、会議を欠席した。","にかこつけて","藉身體不適為由缺席會議。"
"G059","勉強にかこつけて、夜遅くまで動画を見ていた。","勉強____、夜遅くまで動画を見ていた。","にかこつけて","藉讀書之名，看到很晚的影片。"
"G059","取材にかこつけて、彼は有名人に近づいた。","取材____、彼は有名人に近づいた。","にかこつけて","他藉採訪之名接近名人。"
"G059","親切にかこつけて、個人情報を聞き出そうとした。","親切____、個人情報を聞き出そうとした。","にかこつけて","藉親切之名想打聽個人資訊。"
"G060","少し失敗しただけで、悲観するにはあたらない。","少し失敗しただけで、悲観する____。","にはあたらない","只是稍微失敗，不值得悲觀。"
"G060","この程度の問題は、驚くにはあたらない。","この程度の問題は、驚く____。","にはあたらない","這種程度的問題不值得驚訝。"
"G060","彼の発言は、批判にはあたらないと思う。","彼の発言は、批判____と思う。","にはあたらない","我認為他的發言不算值得批判。"
"G060","予定が少し遅れたからといって、騒ぐにはあたらない。","予定が少し遅れたからといって、騒ぐ____。","にはあたらない","只是預定稍微延誤，不值得大驚小怪。"
"G060","この数字だけで、成功と判断するにはあたらない。","この数字だけで、成功と判断する____。","にはあたらない","光憑這個數字還不值得判斷為成功。"
"G061","彼女の苦労は想像にかたくない。","彼女の苦労は想像____。","にかたくない","她的辛苦不難想像。"
"G061","突然家を失った人々の不安は察するにかたくない。","突然家を失った人々の不安は察する____。","にかたくない","突然失去家園的人們的不安不難體會。"
"G061","長年の研究が実った喜びは理解にかたくない。","長年の研究が実った喜びは理解____。","にかたくない","多年研究有成果的喜悅不難理解。"
"G061","彼が怒った理由は想像にかたくない。","彼が怒った理由は想像____。","にかたくない","他生氣的理由不難想像。"
"G061","現場の混乱ぶりは推測にかたくない。","現場の混乱ぶりは推測____。","にかたくない","現場混亂的樣子不難推測。"
"G062","彼の勇気ある行動に、感動を禁じ得ない。","彼の勇気ある行動に、感動____。","を禁じ得ない","對他勇敢的行動，不禁感動。"
"G062","事故の報道に接し、怒りを禁じ得なかった。","事故の報道に接し、怒り____。","を禁じ得なかった","看到事故報導，不禁感到憤怒。"
"G062","子どもたちの笑顔に、涙を禁じ得なかった。","子どもたちの笑顔に、涙____。","を禁じ得なかった","看到孩子們的笑容，不禁流淚。"
"G062","彼の軽率な判断に、失望を禁じ得ない。","彼の軽率な判断に、失望____。","を禁じ得ない","對他輕率的判斷，不禁失望。"
"G062","復興した町の姿に、喜びを禁じ得なかった。","復興した町の姿に、喜び____。","を禁じ得なかった","看到復興後的城鎮樣貌，不禁高興。"
"G063","一秒たりとも無駄にしたくない。","一秒____無駄にしたくない。","たりとも","一秒都不想浪費。"
"G063","一円たりとも不正に使ってはならない。","一円____不正に使ってはならない。","たりとも","一塊錢都不可以不正當使用。"
"G063","一人たりとも取り残さない支援が必要だ。","一人____取り残さない支援が必要だ。","たりとも","需要一個人都不遺漏的支援。"
"G063","一歩たりとも後には引けない状況だ。","一歩____後には引けない状況だ。","たりとも","是一步都不能退的情況。"
"G063","一滴たりとも水をこぼさないよう注意した。","一滴____水をこぼさないよう注意した。","たりとも","小心到一滴水都不灑出來。"
"G064","彼は結論を急ぎすぎるきらいがある。","彼は結論を急ぎすぎる____。","きらいがある","他有過於急著下結論的傾向。"
"G064","この会社は前例にこだわるきらいがある。","この会社は前例にこだわる____。","きらいがある","這家公司有拘泥於前例的傾向。"
"G064","彼女の説明は専門用語が多すぎるきらいがある。","彼女の説明は専門用語が多すぎる____。","きらいがある","她的說明有專業術語過多的傾向。"
"G064","若い人の意見を軽視するきらいがある。","若い人の意見を軽視する____。","きらいがある","有輕視年輕人意見的傾向。"
"G064","この議論は感情的になりすぎるきらいがある。","この議論は感情的になりすぎる____。","きらいがある","這個討論有過於情緒化的傾向。"
"G065","彼は遅刻したうえ、資料まで忘れる始末だ。","彼は遅刻したうえ、資料まで忘れる____。","始末だ","他不但遲到，最後連資料都忘了。"
"G065","注意しても聞かず、最後には逆ギレする始末だった。","注意しても聞かず、最後には逆ギレする____だった。","始末","怎麼提醒都不聽，最後竟然還惱羞成怒。"
"G065","計画は混乱し、責任者が辞任する始末だ。","計画は混乱し、責任者が辞任する____。","始末だ","計畫混亂，最後甚至負責人辭職。"
"G065","彼は借金を重ね、家賃も払えなくなる始末だった。","彼は借金を重ね、家賃も払えなくなる____だった。","始末","他債務不斷增加，最後連房租都付不出來。"
"G065","会議は長引き、結論が出ないまま終わる始末だった。","会議は長引き、結論が出ないまま終わる____だった。","始末","會議拖很久，最後竟沒結論就結束了。"
"G066","大雨の影響で、試合は延期を余儀なくされた。","大雨の影響で、試合は延期____。","を余儀なくされた","受大雨影響，比賽被迫延期。"
"G066","感染拡大により、店は休業を余儀なくされた。","感染拡大により、店は休業____。","を余儀なくされた","因感染擴大，店家被迫停業。"
"G066","資金不足で、計画の縮小を余儀なくされた。","資金不足で、計画の縮小____。","を余儀なくされた","因資金不足，被迫縮小計畫。"
"G066","事故のため、多くの乗客が足止めを余儀なくされた。","事故のため、多くの乗客が足止め____。","を余儀なくされた","因事故，許多乘客被迫滯留。"
"G066","市場の変化で、戦略の見直しを余儀なくされた。","市場の変化で、戦略の見直し____。","を余儀なくされた","因市場變化，被迫重新檢討策略。"
"G067","皆様の成功を願ってやみません。","皆様の成功を願っ____。","てやみません","衷心祝願各位成功。"
"G067","彼の才能を尊敬してやまない。","彼の才能を尊敬し____。","てやまない","對他的才能敬佩不已。"
"G067","被災地の復興を祈ってやまない。","被災地の復興を祈っ____。","てやまない","衷心祈願災區復興。"
"G067","この作品を愛してやまないファンが多い。","この作品を愛し____ファンが多い。","てやまない","有許多深愛這部作品的粉絲。"
"G067","恩師への感謝を感じてやみません。","恩師への感謝を感じ____。","てやみません","對恩師感激不已。"
"G068","値段が高いわりには、品質は普通だった。","値段が高い____、品質は普通だった。","わりには","雖然價格高，品質卻普通。"
"G068","彼は忙しいわりには、よく連絡をくれる。","彼は忙しい____、よく連絡をくれる。","わりには","他雖然忙，卻常聯絡我。"
"G068","この店は有名なわりには、待ち時間が短かった。","この店は有名な____、待ち時間が短かった。","わりには","這家店雖有名，等待時間卻短。"
"G068","新しいわりには、使いにくいアプリだ。","新しい____、使いにくいアプリだ。","わりには","雖然是新 app，卻不好用。"
"G068","彼は初心者のわりには、落ち着いて演奏していた。","彼は初心者の____、落ち着いて演奏していた。","わりには","他雖然是初學者，演奏得卻很沉穩。"
"G069","徹夜で準備したかいもなく、企画は採用されなかった。","徹夜で準備した____、企画は採用されなかった。","かいもなく","熬夜準備卻白費了，企劃沒被採用。"
"G069","必死に説得したかいもなく、彼は考えを変えなかった。","必死に説得した____、彼は考えを変えなかった。","かいもなく","拼命說服也白費，他沒有改變想法。"
"G069","練習のかいもなく、試合では力を出せなかった。","練習の____、試合では力を出せなかった。","かいもなく","練習沒有成效，比賽中沒發揮實力。"
"G069","薬を飲んだかいもなく、熱は下がらなかった。","薬を飲んだ____、熱は下がらなかった。","かいもなく","吃了藥也沒效，燒沒退。"
"G069","皆で探したかいもなく、落とし物は見つからなかった。","皆で探した____、落とし物は見つからなかった。","かいもなく","大家一起找也白費，遺失物沒找到。"
"G070","遅刻したが、連絡があっただけましだ。","遅刻したが、連絡があった____だ。","だけまし","雖然遲到，但至少有聯絡還算好。"
"G070","部屋は狭いが、駅に近いだけましだ。","部屋は狭いが、駅に近い____だ。","だけまし","房間雖小，但至少離車站近還算好。"
"G070","給料は高くないが、仕事が安定しているだけましだ。","給料は高くないが、仕事が安定している____だ。","だけまし","薪水不高，但工作穩定已經算好。"
"G070","失敗したとはいえ、原因が分かっただけましだ。","失敗したとはいえ、原因が分かった____だ。","だけまし","雖說失敗，但至少知道原因還算好。"
"G070","雨にぬれたが、風邪をひかなかっただけましだ。","雨にぬれたが、風邪をひかなかった____だ。","だけまし","淋了雨，但至少沒感冒算好。"
"G071","ミスをした以上、謝らないではすまない。","ミスをした以上、謝ら____。","ないではすまない","既然犯錯，就不能不道歉。"
"G071","他人にけがをさせたのだから、弁償しないではすまない。","他人にけがをさせたのだから、弁償し____。","ないではすまない","既然讓別人受傷，就不能不賠償。"
"G071","これだけ迷惑をかけたら、説明しないではすまない。","これだけ迷惑をかけたら、説明し____。","ないではすまない","造成這麼大困擾，就不能不說明。"
"G071","規則を破った以上、処分を受けないではすまない。","規則を破った以上、処分を受け____。","ないではすまない","既然違反規則，就不能不接受處分。"
"G071","借りたお金を返さないではすまない。","借りたお金を返さ____。","ないではすまない","借來的錢不能不還。"
"G072","調査結果を踏まえて、改善策を検討する。","調査結果____、改善策を検討する。","を踏まえて","根據調查結果，檢討改善方案。"
"G072","前回の反省を踏まえて、計画を立て直した。","前回の反省____、計画を立て直した。","を踏まえて","根據上次反省，重新制定計畫。"
"G072","専門家の意見を踏まえて、判断すべきだ。","専門家の意見____、判断すべきだ。","を踏まえて","應根據專家意見判斷。"
"G072","利用者の声を踏まえたサービス改善が必要だ。","利用者の声____サービス改善が必要だ。","を踏まえた","需要基於使用者聲音的服務改善。"
"G072","現状を踏まえて、無理のない目標を設定した。","現状____、無理のない目標を設定した。","を踏まえて","根據現況設定了不勉強的目標。"
"G073","彼は病気を押して、講演会に出席した。","彼は病気____、講演会に出席した。","を押して","他不顧生病，出席了演講會。"
"G073","周囲の反対を押して、彼女は留学を決めた。","周囲の反対____、彼女は留学を決めた。","を押して","她不顧周圍反對，決定留學。"
"G073","悪天候を押して、救助隊は現場へ向かった。","悪天候____、救助隊は現場へ向かった。","を押して","救援隊冒著惡劣天氣前往現場。"
"G073","無理を押して出社したため、症状が悪化した。","無理____出社したため、症状が悪化した。","を押して","因勉強上班，症狀惡化了。"
"G073","忙しさを押して、先生は相談に乗ってくれた。","忙しさ____、先生は相談に乗ってくれた。","を押して","老師不顧忙碌，聽了我的商量。"
"G074","何度もの失敗を経て、ようやく完成した。","何度もの失敗____、ようやく完成した。","を経て","經過多次失敗，終於完成了。"
"G074","厳しい審査を経て、新しい薬が承認された。","厳しい審査____、新しい薬が承認された。","を経て","經過嚴格審查，新藥獲得批准。"
"G074","長い議論を経て、方針が決まった。","長い議論____、方針が決まった。","を経て","經過長時間討論，方針決定了。"
"G074","研修を経て、彼は現場に配属された。","研修____、彼は現場に配属された。","を経て","經過研修，他被分配到現場。"
"G074","数年の準備期間を経て、店を開いた。","数年の準備期間____、店を開いた。","を経て","經過數年的準備期，開了店。"
"G075","若さゆえに、彼は無謀な挑戦をした。","若さ____、彼は無謀な挑戦をした。","ゆえに","因為年輕，他做了魯莽挑戰。"
"G075","経験が浅いゆえに、判断を誤った。","経験が浅い____、判断を誤った。","ゆえに","因為經驗尚淺，判斷錯了。"
"G075","有名であるゆえに、批判も受けやすい。","有名である____、批判も受けやすい。","ゆえに","因為有名，也容易受到批評。"
"G075","愛するがゆえに、厳しく言うこともある。","愛する____、厳しく言うこともある。","がゆえに","正因為愛，有時也會嚴厲地說。"
"G075","責任者であるゆえに、最後まで説明する義務がある。","責任者である____、最後まで説明する義務がある。","ゆえに","因為是負責人，有義務說明到最後。"
"G076","努力することなしに、成果は得られない。","努力する____、成果は得られない。","ことなしに","不努力就得不到成果。"
"G076","相手を理解することなしに、信頼関係は築けない。","相手を理解する____、信頼関係は築けない。","ことなしに","不理解對方就無法建立信任關係。"
"G076","問題を調べることなしに、結論を出すべきではない。","問題を調べる____、結論を出すべきではない。","ことなしに","不調查問題就不該下結論。"
"G076","失敗を経験することなしに、成長は難しい。","失敗を経験する____、成長は難しい。","ことなしに","不經歷失敗就很難成長。"
"G076","本人に確認することなしに、情報を広めてはいけない。","本人に確認する____、情報を広めてはいけない。","ことなしに","沒有向本人確認就不可散布資訊。"
"G077","子どもではあるまいし、それくらい自分で決めなさい。","子ども____、それくらい自分で決めなさい。","ではあるまいし","又不是小孩，那點事自己決定。"
"G077","専門家ではあるまいし、すべてを正確に説明するのは難しい。","専門家____、すべてを正確に説明するのは難しい。","ではあるまいし","又不是專家，要正確說明全部很難。"
"G077","初対面ではあるまいし、そんなに緊張しなくてもいい。","初対面____、そんなに緊張しなくてもいい。","ではあるまいし","又不是第一次見面，不用那麼緊張。"
"G077","ロボットではあるまいし、休まず働き続けることはできない。","ロボット____、休まず働き続けることはできない。","ではあるまいし","又不是機器人，不能不停工作。"
"G077","試験ではあるまいし、完璧な答えを求めなくてもいい。","試験____、完璧な答えを求めなくてもいい。","ではあるまいし","又不是考試，不用要求完美答案。"
"G078","今から出発したとしたところで、開演には間に合わない。","今から出発した____、開演には間に合わない。","としたところで","即使現在出發，也趕不上開演。"
"G078","彼に頼んだとしたところで、引き受けてくれるとは限らない。","彼に頼んだ____、引き受けてくれるとは限らない。","としたところで","即使拜託他，也不一定會接受。"
"G078","値段を下げたとしたところで、需要が増えるかは分からない。","値段を下げた____、需要が増えるかは分からない。","としたところで","即使降價，也不知道需求會不會增加。"
"G078","一人で反対したとしたところで、決定は変わらないだろう。","一人で反対した____、決定は変わらないだろう。","としたところで","即使一個人反對，決定大概也不會變。"
"G078","謝ったとしたところで、すぐに許される問題ではない。","謝った____、すぐに許される問題ではない。","としたところで","即使道歉，也不是能立刻被原諒的問題。"
"G079","忙しくて、昼食を取る時間すらなかった。","忙しくて、昼食を取る時間____なかった。","すら","忙到連吃午飯的時間都沒有。"
"G079","彼は自分のミスすら認めようとしない。","彼は自分のミス____認めようとしない。","すら","他連自己的錯都不肯承認。"
"G079","疲れすぎて、返事をする気力すら残っていない。","疲れすぎて、返事をする気力____残っていない。","すら","累到連回覆的力氣都不剩。"
"G079","専門家ですら、この現象を説明できなかった。","専門家____、この現象を説明できなかった。","ですら","連專家都無法說明這個現象。"
"G079","彼女は名前すら告げずに去っていった。","彼女は名前____告げずに去っていった。","すら","她連名字都沒說就離開了。"
"G080","エアコンをつけっぱなしで出かけてしまった。","エアコンをつけ____で出かけてしまった。","っぱなし","開著冷氣就出門了。"
"G080","ドアを開けっぱなしにしないでください。","ドアを開け____にしないでください。","っぱなし","請不要把門開著不管。"
"G080","彼は三時間も立ちっぱなしで働いていた。","彼は三時間も立ち____で働いていた。","っぱなし","他站著工作了三個小時。"
"G080","借りた本を返しっぱなしではなく、感想も伝えた。","借りた本を返し____ではなく、感想も伝えた。","っぱなし","不是借來的書還了就算，也傳達了感想。"
"G080","水を出しっぱなしにして、母に叱られた。","水を出し____にして、母に叱られた。","っぱなし","把水放著流，被母親罵了。"
"G081","春めいた風が吹き、街の空気が明るくなった。","春____風が吹き、街の空気が明るくなった。","めいた","吹起帶有春意的風，街上的氣氛變明亮了。"
"G081","彼の話し方はどこか皮肉めいている。","彼の話し方はどこか皮肉____いる。","めいて","他的說話方式有點帶諷刺味。"
"G081","謎めいた笑顔に、皆が不安を覚えた。","謎____笑顔に、皆が不安を覚えた。","めいた","神秘的笑容讓大家感到不安。"
"G081","秋めいてきたので、上着を出した。","秋____きたので、上着を出した。","めいて","開始有秋意了，所以拿出了外套。"
"G081","冗談めいた口調だったが、内容は真剣だった。","冗談____口調だったが、内容は真剣だった。","めいた","語氣像玩笑，但內容是認真的。"
"G082","彼は漢字はおろか、ひらがなもまだ読めない。","彼は漢字____、ひらがなもまだ読めない。","はおろか","他別說漢字，連平假名都還不會讀。"
"G082","忙しくて旅行はおろか、週末の休みも取れない。","忙しくて旅行____、週末の休みも取れない。","はおろか","忙到別說旅行，連週末休假都沒有。"
"G082","その店は予約はおろか、問い合わせの電話もつながらない。","その店は予約____、問い合わせの電話もつながらない。","はおろか","那家店別說預約，連詢問電話都打不通。"
"G082","彼女は料理はおろか、包丁の持ち方も知らなかった。","彼女は料理____、包丁の持ち方も知らなかった。","はおろか","她別說料理，連菜刀的拿法都不知道。"
"G082","資金はおろか、人手も足りない状態だ。","資金____、人手も足りない状態だ。","はおろか","別說資金，連人手都不足。"
"G083","今年は去年にもまして暑い。","今年は去年____暑い。","にもまして","今年比去年更加炎熱。"
"G083","彼女は以前にもまして仕事に熱心だ。","彼女は以前____仕事に熱心だ。","にもまして","她比以前更熱衷於工作。"
"G083","試験前はいつにもまして緊張した。","試験前はいつ____緊張した。","にもまして","考試前比平時更緊張。"
"G083","家族の励ましは何にもまして心強かった。","家族の励ましは何____心強かった。","にもまして","家人的鼓勵比什麼都更讓人安心。"
"G083","決勝戦では普段にもまして集中力が必要だ。","決勝戦では普段____集中力が必要だ。","にもまして","決賽比平常更需要集中力。"
"G084","彼は生まれながらにして音楽の才能があった。","彼は生まれ____して音楽の才能があった。","ながらに","他天生就有音樂才能。"
"G084","昔ながらの方法で味噌を作っている。","昔____の方法で味噌を作っている。","ながら","用傳統方式製作味噌。"
"G084","涙ながらに別れを告げた。","涙____別れを告げた。","ながらに","含淚告別。"
"G084","家にいながらにして、世界中の情報を得られる。","家にい____して、世界中の情報を得られる。","ながらに","待在家就能取得世界各地資訊。"
"G084","彼女は若いながらに、深い洞察力を持っている。","彼女は若い____、深い洞察力を持っている。","ながらに","她雖年輕，卻有深刻洞察力。"
"G085","専門家といえども、間違えることはある。","専門家____、間違えることはある。","といえども","即使是專家，也會犯錯。"
"G085","子どもといえども、一人の人間として尊重すべきだ。","子ども____、一人の人間として尊重すべきだ。","といえども","即使是孩子，也應作為一個人尊重。"
"G085","勝者といえども、油断は禁物だ。","勝者____、油断は禁物だ。","といえども","即使是勝者，也不可大意。"
"G085","小さな問題といえども、放置すれば大きくなる。","小さな問題____、放置すれば大きくなる。","といえども","即使是小問題，放著不管也會變大。"
"G085","休日といえども、緊急時には対応しなければならない。","休日____、緊急時には対応しなければならない。","といえども","即使是假日，緊急時也必須應對。"
"G086","彼は周囲の反対をものともせず、起業した。","彼は周囲の反対____、起業した。","をものともせず","他不畏周圍反對，創業了。"
"G086","選手たちは雨をものともせず、練習を続けた。","選手たちは雨____、練習を続けた。","をものともせず","選手們不畏下雨，繼續練習。"
"G086","彼女はけがをものともせず、最後まで走った。","彼女はけが____、最後まで走った。","をものともせず","她不顧受傷，跑到最後。"
"G086","批判をものともせず、新しい制度を導入した。","批判____、新しい制度を導入した。","をものともせず","不畏批評導入了新制度。"
"G086","困難をものともせず、研究を続けた。","困難____、研究を続けた。","をものともせず","不畏困難持續研究。"
"G087","部長に至っては、会議の存在すら忘れていた。","部長____、会議の存在すら忘れていた。","に至っては","至於部長，甚至忘了會議的存在。"
"G087","末っ子に至っては、宿題を一つも出していない。","末っ子____、宿題を一つも出していない。","に至っては","至於老么，一份作業都沒交。"
"G087","最新モデルに至っては、予約だけで完売した。","最新モデル____、予約だけで完売した。","に至っては","至於最新款，光預約就賣完了。"
"G087","彼の説明に至っては、誰も理解できなかった。","彼の説明____、誰も理解できなかった。","に至っては","至於他的說明，沒人聽懂。"
"G087","週末に至っては、駅前が歩けないほど混雑する。","週末____、駅前が歩けないほど混雑する。","に至っては","到了週末，車站前擁擠到難以行走。"
"G088","彼の活動は国内にとどまらず、海外にも広がっている。","彼の活動は国内____、海外にも広がっている。","にとどまらず","他的活動不限於國內，也擴展到海外。"
"G088","この問題は教育現場にとどまらず、社会全体に関わる。","この問題は教育現場____、社会全体に関わる。","にとどまらず","這個問題不只限於教育現場，還關係到整個社會。"
"G088","影響は一社にとどまらず、業界全体に及んだ。","影響は一社____、業界全体に及んだ。","にとどまらず","影響不只限於一家公司，波及整個業界。"
"G088","彼女は研究にとどまらず、実践にも力を入れている。","彼女は研究____、実践にも力を入れている。","にとどまらず","她不只研究，也投入實踐。"
"G088","被害は沿岸部にとどまらず、内陸にも広がった。","被害は沿岸部____、内陸にも広がった。","にとどまらず","災害不只限於沿岸，也擴及內陸。"
"G089","規則に則って、厳正に処理します。","規則____、厳正に処理します。","に則って","依照規則嚴正處理。"
"G089","会社の方針に則って、対応を決めた。","会社の方針____、対応を決めた。","に則って","依照公司方針決定應對。"
"G089","法律に則った手続きが必要だ。","法律____手続きが必要だ。","に則った","需要依法的程序。"
"G089","伝統に則って、式典が行われた。","伝統____、式典が行われた。","に則って","典禮依照傳統舉行。"
"G089","倫理基準に則って、研究を進める。","倫理基準____、研究を進める。","に則って","依照倫理標準推進研究。"
"G090","本日をもって、受付を終了します。","本日____、受付を終了します。","をもって","截至今日，受理結束。"
"G090","書面をもって、正式な回答といたします。","書面____、正式な回答といたします。","をもって","以書面作為正式回答。"
"G090","三月末をもって、サービスを停止します。","三月末____、サービスを停止します。","をもって","服務到三月底停止。"
"G090","拍手をもって、皆様をお迎えください。","拍手____、皆様をお迎えください。","をもって","請以掌聲迎接各位。"
"G090","これをもって、本日の会議を終了します。","これ____、本日の会議を終了します。","をもって","到此結束今天的會議。"
"G091","頼まれたとあれば、断るわけにはいかない。","頼まれた____、断るわけにはいかない。","とあれば","如果被拜託，就不能拒絕。"
"G091","子どものためとあれば、どんな苦労も惜しまない。","子どものため____、どんな苦労も惜しまない。","とあれば","如果是為了孩子，什麼辛苦都不惜。"
"G091","必要とあれば、休日でも出社します。","必要____、休日でも出社します。","とあれば","如果有必要，假日也會上班。"
"G091","彼が来るとあれば、会場は大騒ぎになるだろう。","彼が来る____、会場は大騒ぎになるだろう。","とあれば","如果他要來，會場大概會騷動。"
"G091","安全に関わるとあれば、費用は問題ではない。","安全に関わる____、費用は問題ではない。","とあれば","如果關係到安全，費用不是問題。"
"G092","三月ともなると、少しずつ暖かくなる。","三月____、少しずつ暖かくなる。","ともなると","一到三月，就漸漸變暖。"
"G092","部長ともなると、責任の重さが違う。","部長____、責任の重さが違う。","ともなると","一旦成為部長，責任重量就不同。"
"G092","百人規模のイベントともなると、準備が大変だ。","百人規模のイベント____、準備が大変だ。","ともなると","一到百人規模的活動，準備就很辛苦。"
"G092","海外で働くともなると、語学力だけでは足りない。","海外で働く____、語学力だけでは足りない。","ともなると","若要在海外工作，光語言能力還不夠。"
"G092","決勝戦ともなると、緊張感が一気に高まる。","決勝戦____、緊張感が一気に高まる。","ともなると","一到決賽，緊張感就一下升高。"
"G093","条件次第では、協力しないものでもない。","条件次第では、協力し____。","ないものでもない","視條件而定，也不是不能合作。"
"G093","もう少し安ければ、買わないものでもない。","もう少し安ければ、買わ____。","ないものでもない","如果再便宜一點，也不是不能買。"
"G093","説明が十分なら、納得しないものでもない。","説明が十分なら、納得し____。","ないものでもない","如果說明充分，也不是不能接受。"
"G093","時間が合えば、参加しないものでもない。","時間が合えば、参加し____。","ないものでもない","如果時間合，也不是不能參加。"
"G093","彼が謝るなら、許さないものでもない。","彼が謝るなら、許さ____。","ないものでもない","如果他道歉，也不是不能原諒。"
"G094","言うまでもないが、安全が最優先だ。","言う____が、安全が最優先だ。","までもない","不用說，安全最優先。"
"G094","わざわざ買うまでもなく、家にある物で足りる。","わざわざ買う____、家にある物で足りる。","までもなく","用不著特地買，家裡的東西就夠了。"
"G094","彼に聞くまでもなく、答えは明らかだ。","彼に聞く____、答えは明らかだ。","までもなく","不用問他，答案很明顯。"
"G094","説明するまでもない簡単な問題です。","説明する____簡単な問題です。","までもない","這是不用說明也很簡單的問題。"
"G094","病院へ行くまでもないが、少し休んだほうがいい。","病院へ行く____が、少し休んだほうがいい。","までもない","還不到要去醫院，但最好稍微休息。"
"G095","彼の実力は私などが比べるべくもない。","彼の実力は私などが比べる____。","べくもない","他的實力不是我這種人能比的。"
"G095","この情報だけでは、真相を知るべくもない。","この情報だけでは、真相を知る____。","べくもない","光靠這些資訊不可能知道真相。"
"G095","当時の苦労は今の私たちには想像すべくもない。","当時の苦労は今の私たちには想像する____。","べくもない","當時的辛苦是現在的我們無法想像的。"
"G095","彼女の決意は、簡単に揺らぐべくもない。","彼女の決意は、簡単に揺らぐ____。","べくもない","她的決心不可能輕易動搖。"
"G095","準備不足では、成功を望むべくもない。","準備不足では、成功を望む____。","べくもない","準備不足就無從期待成功。"
"G096","彼の努力は尊敬に値する。","彼の努力は尊敬____。","に値する","他的努力值得尊敬。"
"G096","この提案は検討に値する内容だ。","この提案は検討____内容だ。","に値する","這個提案是值得檢討的內容。"
"G096","その発見は注目に値する。","その発見は注目____。","に値する","那個發現值得關注。"
"G096","彼女の行動は称賛に値する。","彼女の行動は称賛____。","に値する","她的行動值得稱讚。"
"G096","この映画は見るに値する作品だ。","この映画は見る____作品だ。","に値する","這部電影是值得看的作品。"
"G097","彼は若くして、会社を立ち上げた。","彼は若く____、会社を立ち上げた。","して","他年紀輕輕就創立了公司。"
"G097","彼女は母にして研究者でもある。","彼女は母____研究者でもある。","にして","她既是母親也是研究者。"
"G097","十年目にして、ようやく成果が出た。","十年目____、ようやく成果が出た。","にして","到第十年才終於出現成果。"
"G097","一瞬にして、状況が変わった。","一瞬____、状況が変わった。","にして","一瞬間情況改變了。"
"G097","彼は専門家にして初めて分かる視点を示した。","彼は専門家____初めて分かる視点を示した。","にして","他提出了身為專家才懂的觀點。"
"G098","味といい香りといい、この料理はすばらしい。","味____香り____、この料理はすばらしい。","といい／といい","無論味道還是香氣，這道料理都很棒。"
"G098","デザインといい機能といい、新製品はよくできている。","デザイン____機能____、新製品はよくできている。","といい／といい","無論設計還是功能，新產品都做得很好。"
"G098","態度といい言葉遣いといい、彼には問題が多い。","態度____言葉遣い____、彼には問題が多い。","といい／といい","無論態度還是用詞，他都有很多問題。"
"G098","立地といい価格といい、この物件は条件がいい。","立地____価格____、この物件は条件がいい。","といい／といい","無論地點還是價格，這物件條件都很好。"
"G098","音質といい操作性といい、この機種は満足度が高い。","音質____操作性____、この機種は満足度が高い。","といい／といい","無論音質還是操作性，這機型滿意度都高。"
"G099","参加者は五十人といったところだ。","参加者は五十人____。","といったところだ","參加者大概是五十人左右。"
"G099","駅から歩いて十分といったところです。","駅から歩いて十分____です。","といったところ","從車站走路大概十分鐘。"
"G099","彼の実力は中級といったところだろう。","彼の実力は中級____だろう。","といったところ","他的實力大概是中級程度吧。"
"G099","売り上げは去年並みといったところだ。","売り上げは去年並み____。","といったところだ","銷售額大概和去年差不多。"
"G099","修理費は二万円といったところです。","修理費は二万円____です。","といったところ","修理費大概兩萬日圓左右。"
"G100","この役を任せられる人は、彼をおいてほかにいない。","この役を任せられる人は、彼____ほかにいない。","をおいて","能把這個角色交付的人，除了他沒有別人。"
"G100","今をおいて、挑戦する機会はない。","今____、挑戦する機会はない。","をおいて","除了現在，沒有挑戰的機會。"
"G100","この問題を解決できるのは、専門チームをおいてない。","この問題を解決できるのは、専門チーム____ない。","をおいて","能解決這問題的，除了專門團隊沒有別人。"
"G100","相談相手としては、彼女をおいて適任者はいない。","相談相手としては、彼女____適任者はいない。","をおいて","作為商量對象，除了她沒有更合適的人。"
"G100","この景色を楽しむなら、秋をおいてほかにない。","この景色を楽しむなら、秋____ほかにない。","をおいて","要欣賞這景色，除了秋天沒有更好的時候。"
